-- MySQL dump 10.13  Distrib 8.4.9, for Win64 (x86_64)
--
-- Host: localhost    Database: mbasic
-- ------------------------------------------------------
-- Server version	8.4.9

SHOW DATABASES;
create database mbasic;
use mbasic;
show tables;
select * from emp;



/*!40101 SET @OLD_CHARACTER_SET_CLIENT=@@CHARACTER_SET_CLIENT */;
/*!40101 SET @OLD_CHARACTER_SET_RESULTS=@@CHARACTER_SET_RESULTS */;
/*!40101 SET @OLD_COLLATION_CONNECTION=@@COLLATION_CONNECTION */;
/*!50503 SET NAMES utf8mb4 */;
/*!40103 SET @OLD_TIME_ZONE=@@TIME_ZONE */;
/*!40103 SET TIME_ZONE='+00:00' */;
/*!40014 SET @OLD_UNIQUE_CHECKS=@@UNIQUE_CHECKS, UNIQUE_CHECKS=0 */;
/*!40014 SET @OLD_FOREIGN_KEY_CHECKS=@@FOREIGN_KEY_CHECKS, FOREIGN_KEY_CHECKS=0 */;
/*!40101 SET @OLD_SQL_MODE=@@SQL_MODE, SQL_MODE='NO_AUTO_VALUE_ON_ZERO' */;
/*!40111 SET @OLD_SQL_NOTES=@@SQL_NOTES, SQL_NOTES=0 */;

--
-- Table structure for table `alter_coffee2`
--

DROP TABLE IF EXISTS `alter_coffee2`;
/*!40101 SET @saved_cs_client     = @@character_set_client */;
/*!50503 SET character_set_client = utf8mb4 */;
CREATE TABLE `alter_coffee2` (
  `cno` int NOT NULL AUTO_INCREMENT,
  `cname` varchar(20) NOT NULL,
  `cprice` int NOT NULL,
  PRIMARY KEY (`cno`)
) ENGINE=InnoDB DEFAULT CHARSET=utf8mb4 COLLATE=utf8mb4_0900_ai_ci;
/*!40101 SET character_set_client = @saved_cs_client */;

--
-- Dumping data for table `alter_coffee2`
--

LOCK TABLES `alter_coffee2` WRITE;
/*!40000 ALTER TABLE `alter_coffee2` DISABLE KEYS */;
/*!40000 ALTER TABLE `alter_coffee2` ENABLE KEYS */;
UNLOCK TABLES;

--
-- Table structure for table `coffee`
--

DROP TABLE IF EXISTS `coffee`;
/*!40101 SET @saved_cs_client     = @@character_set_client */;
/*!50503 SET character_set_client = utf8mb4 */;
CREATE TABLE `coffee` (
  `cno` int NOT NULL AUTO_INCREMENT,
  `cname` varchar(50) NOT NULL,
  `cprice` int NOT NULL,
  PRIMARY KEY (`cno`)
) ENGINE=InnoDB DEFAULT CHARSET=utf8mb4 COLLATE=utf8mb4_0900_ai_ci;
/*!40101 SET character_set_client = @saved_cs_client */;

--
-- Dumping data for table `coffee`
--

LOCK TABLES `coffee` WRITE;
/*!40000 ALTER TABLE `coffee` DISABLE KEYS */;
/*!40000 ALTER TABLE `coffee` ENABLE KEYS */;
UNLOCK TABLES;

--
-- Table structure for table `delete_emp`
--

DROP TABLE IF EXISTS `delete_emp`;
/*!40101 SET @saved_cs_client     = @@character_set_client */;
/*!50503 SET character_set_client = utf8mb4 */;
CREATE TABLE `delete_emp` (
  `empno` int NOT NULL AUTO_INCREMENT,
  `ename` varchar(20) CHARACTER SET utf8mb3 DEFAULT NULL,
  `job` varchar(20) CHARACTER SET utf8mb3 DEFAULT NULL,
  `mgr` int DEFAULT NULL,
  `hiredate` date DEFAULT NULL,
  `sal` int DEFAULT NULL,
  `comm` int DEFAULT NULL,
  `deptno` int DEFAULT NULL,
  PRIMARY KEY (`empno`)
) ENGINE=InnoDB AUTO_INCREMENT=7935 DEFAULT CHARSET=utf8mb4 COLLATE=utf8mb4_0900_ai_ci;
/*!40101 SET character_set_client = @saved_cs_client */;

--
-- Dumping data for table `delete_emp`
--

LOCK TABLES `delete_emp` WRITE;
/*!40000 ALTER TABLE `delete_emp` DISABLE KEYS */;
/*!40000 ALTER TABLE `delete_emp` ENABLE KEYS */;
UNLOCK TABLES;

--
-- Table structure for table `dept`
--

DROP TABLE IF EXISTS `dept`;
/*!40101 SET @saved_cs_client     = @@character_set_client */;
/*!50503 SET character_set_client = utf8mb4 */;
CREATE TABLE `dept` (
  `deptno` int NOT NULL AUTO_INCREMENT,
  `dname` varchar(20) NOT NULL,
  `loc` varchar(20) NOT NULL,
  PRIMARY KEY (`deptno`)
) ENGINE=InnoDB AUTO_INCREMENT=41 DEFAULT CHARSET=utf8mb3;
/*!40101 SET character_set_client = @saved_cs_client */;

--
-- Dumping data for table `dept`
--

LOCK TABLES `dept` WRITE;
/*!40000 ALTER TABLE `dept` DISABLE KEYS */;
INSERT INTO `dept` VALUES (10,'ACCOUNTING','NEW YORK'),(20,'RESEARCH','DALLAS'),(30,'SALES','CHICAGO'),(40,'OPERATIONS','BOSTON');
/*!40000 ALTER TABLE `dept` ENABLE KEYS */;
UNLOCK TABLES;

--
-- Table structure for table `emp`
--

DROP TABLE IF EXISTS `emp`;
/*!40101 SET @saved_cs_client     = @@character_set_client */;
/*!50503 SET character_set_client = utf8mb4 */;
CREATE TABLE `emp` (
  `empno` int NOT NULL AUTO_INCREMENT,
  `ename` varchar(20) DEFAULT NULL,
  `job` varchar(20) DEFAULT NULL,
  `mgr` int DEFAULT NULL,
  `hiredate` date DEFAULT NULL,
  `sal` int DEFAULT NULL,
  `comm` int DEFAULT NULL,
  `deptno` int DEFAULT NULL,
  PRIMARY KEY (`empno`)
) ENGINE=InnoDB AUTO_INCREMENT=7935 DEFAULT CHARSET=utf8mb3;
/*!40101 SET character_set_client = @saved_cs_client */;

--
-- Dumping data for table `emp`
--

LOCK TABLES `emp` WRITE;
/*!40000 ALTER TABLE `emp` DISABLE KEYS */;
INSERT INTO `emp` VALUES (7369,'SMITH','CLERK',7902,'1980-12-17',800,NULL,20),(7499,'ALLEN','SALESMAN',7698,'1981-02-20',1600,300,30),(7521,'WARD','SALESMAN',7698,'1981-02-22',1250,500,30),(7566,'JONES','MANAGER',7839,'1981-04-02',2975,NULL,20),(7654,'MARTIN','SALESMAN',7698,'1981-09-28',1250,1400,30),(7698,'BLAKE','MANAGER',7839,'1981-05-01',2850,NULL,30),(7782,'CLARK','MANAGER',7839,'1981-06-09',2450,NULL,10),(7788,'SCOTT','ANALYST',7566,'1987-04-19',3000,NULL,20),(7839,'KING','PRESIDENT',NULL,'1981-11-17',5000,NULL,10),(7844,'TURNER','SALESMAN',7698,'1981-09-08',1500,0,30),(7876,'ADAMS','CLERK',7788,'1987-05-23',1100,NULL,20),(7900,'JAMES','CLERK',7698,'1981-12-03',950,NULL,30),(7902,'FORD','ANALYST',7566,'1981-12-03',3000,NULL,20),(7934,'MILLER','CLERK',7782,'1982-01-23',1300,NULL,10);
/*!40000 ALTER TABLE `emp` ENABLE KEYS */;
UNLOCK TABLES;

--
-- Table structure for table `milk`
--

DROP TABLE IF EXISTS `milk`;
/*!40101 SET @saved_cs_client     = @@character_set_client */;
/*!50503 SET character_set_client = utf8mb4 */;
CREATE TABLE `milk` (
  `mno` int NOT NULL,
  `mname` varchar(50) NOT NULL,
  `mprice` int NOT NULL,
  `mnum` int NOT NULL,
  `mtotal` int NOT NULL,
  PRIMARY KEY (`mno`)
) ENGINE=InnoDB DEFAULT CHARSET=utf8mb4 COLLATE=utf8mb4_0900_ai_ci;
/*!40101 SET character_set_client = @saved_cs_client */;

--
-- Dumping data for table `milk`
--

LOCK TABLES `milk` WRITE;
/*!40000 ALTER TABLE `milk` DISABLE KEYS */;
/*!40000 ALTER TABLE `milk` ENABLE KEYS */;
UNLOCK TABLES;

--
-- Table structure for table `salgrade`
--

DROP TABLE IF EXISTS `salgrade`;
/*!40101 SET @saved_cs_client     = @@character_set_client */;
/*!50503 SET character_set_client = utf8mb4 */;
CREATE TABLE `salgrade` (
  `grade` int NOT NULL AUTO_INCREMENT,
  `losal` int DEFAULT NULL,
  `hisal` int DEFAULT NULL,
  PRIMARY KEY (`grade`)
) ENGINE=InnoDB AUTO_INCREMENT=6 DEFAULT CHARSET=utf8mb3;
/*!40101 SET character_set_client = @saved_cs_client */;

--
-- Dumping data for table `salgrade`
--

LOCK TABLES `salgrade` WRITE;
/*!40000 ALTER TABLE `salgrade` DISABLE KEYS */;
INSERT INTO `salgrade` VALUES (1,700,1200),(2,1201,1400),(3,1401,2000),(4,2001,3000),(5,3001,9999);
/*!40000 ALTER TABLE `salgrade` ENABLE KEYS */;
UNLOCK TABLES;

--
-- Table structure for table `score`
--

DROP TABLE IF EXISTS `score`;
/*!40101 SET @saved_cs_client     = @@character_set_client */;
/*!50503 SET character_set_client = utf8mb4 */;
CREATE TABLE `score` (
  `sno` int NOT NULL AUTO_INCREMENT,
  `sname` varchar(20) NOT NULL,
  `sjava` int NOT NULL,
  `sjsp` int NOT NULL,
  `sspring` int NOT NULL,
  `sproject` int NOT NULL,
  `sstotal` int DEFAULT NULL,
  `ssavg` double DEFAULT NULL,
  `semail` varchar(50) DEFAULT NULL,
  PRIMARY KEY (`sno`)
) ENGINE=InnoDB AUTO_INCREMENT=7 DEFAULT CHARSET=utf8mb3;
/*!40101 SET character_set_client = @saved_cs_client */;

--
-- Dumping data for table `score`
--

LOCK TABLES `score` WRITE;
/*!40000 ALTER TABLE `score` DISABLE KEYS */;
INSERT INTO `score` VALUES (1,'abc',89,98,69,77,333,83,'blackstdudent@gmail.com'),(2,'bbb',92,78,88,100,358,90,'admin@gmail.com'),(3,'ccc',90,90,90,80,350,88,'ccc@gmail.com'),(4,'ddd',78,89,68,98,333,83,'admin@gmail.com'),(5,'abc',89,98,69,77,333,83,'blackstdudent@gmail.com'),(6,'abc',89,98,69,77,333,83,'blackstdudent@gmail.com');
/*!40000 ALTER TABLE `score` ENABLE KEYS */;
UNLOCK TABLES;

--
-- Table structure for table `t1`
--

DROP TABLE IF EXISTS `t1`;
/*!40101 SET @saved_cs_client     = @@character_set_client */;
/*!50503 SET character_set_client = utf8mb4 */;
CREATE TABLE `t1` (
  `name` varchar(100) NOT NULL,
  `age` int DEFAULT NULL
) ENGINE=InnoDB DEFAULT CHARSET=utf8mb4 COLLATE=utf8mb4_0900_ai_ci;
/*!40101 SET character_set_client = @saved_cs_client */;

--
-- Dumping data for table `t1`
--

LOCK TABLES `t1` WRITE;
/*!40000 ALTER TABLE `t1` DISABLE KEYS */;
INSERT INTO `t1` VALUES ('aaa',1),('bbb',NULL);
/*!40000 ALTER TABLE `t1` ENABLE KEYS */;
UNLOCK TABLES;

--
-- Table structure for table `t2`
--

DROP TABLE IF EXISTS `t2`;
/*!40101 SET @saved_cs_client     = @@character_set_client */;
/*!50503 SET character_set_client = utf8mb4 */;
CREATE TABLE `t2` (
  `jumin` int NOT NULL AUTO_INCREMENT,
  `name` varchar(100) NOT NULL,
  `age` int DEFAULT NULL,
  PRIMARY KEY (`jumin`)
) ENGINE=InnoDB AUTO_INCREMENT=3 DEFAULT CHARSET=utf8mb4 COLLATE=utf8mb4_0900_ai_ci;
/*!40101 SET character_set_client = @saved_cs_client */;

--
-- Dumping data for table `t2`
--

LOCK TABLES `t2` WRITE;
/*!40000 ALTER TABLE `t2` DISABLE KEYS */;
INSERT INTO `t2` VALUES (1,'aaa',1),(2,'bbb',NULL);
/*!40000 ALTER TABLE `t2` ENABLE KEYS */;
UNLOCK TABLES;

--
-- Table structure for table `userinfo`
--

DROP TABLE IF EXISTS `userinfo`;
/*!40101 SET @saved_cs_client     = @@character_set_client */;
/*!50503 SET character_set_client = utf8mb4 */;
CREATE TABLE `userinfo` (
  `no` int NOT NULL AUTO_INCREMENT,
  `name` varchar(100) NOT NULL,
  `age` int NOT NULL,
  PRIMARY KEY (`no`)
) ENGINE=InnoDB AUTO_INCREMENT=5 DEFAULT CHARSET=utf8mb4 COLLATE=utf8mb4_0900_ai_ci;
/*!40101 SET character_set_client = @saved_cs_client */;

--
-- Dumping data for table `userinfo`
--

LOCK TABLES `userinfo` WRITE;
/*!40000 ALTER TABLE `userinfo` DISABLE KEYS */;
INSERT INTO `userinfo` VALUES (1,'first',11),(2,'second',22),(3,'third',33),(4,'fourth',44);
/*!40000 ALTER TABLE `userinfo` ENABLE KEYS */;
UNLOCK TABLES;

--
-- Table structure for table `userinfo2`
--

DROP TABLE IF EXISTS `userinfo2`;
/*!40101 SET @saved_cs_client     = @@character_set_client */;
/*!50503 SET character_set_client = utf8mb4 */;
CREATE TABLE `userinfo2` (
  `no` int NOT NULL AUTO_INCREMENT,
  `name` varchar(100) NOT NULL,
  `age` int NOT NULL,
  PRIMARY KEY (`no`)
) ENGINE=InnoDB AUTO_INCREMENT=5 DEFAULT CHARSET=utf8mb4 COLLATE=utf8mb4_0900_ai_ci;
/*!40101 SET character_set_client = @saved_cs_client */;

--
-- Dumping data for table `userinfo2`
--

LOCK TABLES `userinfo2` WRITE;
/*!40000 ALTER TABLE `userinfo2` DISABLE KEYS */;
/*!40000 ALTER TABLE `userinfo2` ENABLE KEYS */;
UNLOCK TABLES;
/*!40103 SET TIME_ZONE=@OLD_TIME_ZONE */;

/*!40101 SET SQL_MODE=@OLD_SQL_MODE */;
/*!40014 SET FOREIGN_KEY_CHECKS=@OLD_FOREIGN_KEY_CHECKS */;
/*!40014 SET UNIQUE_CHECKS=@OLD_UNIQUE_CHECKS */;
/*!40101 SET CHARACTER_SET_CLIENT=@OLD_CHARACTER_SET_CLIENT */;
/*!40101 SET CHARACTER_SET_RESULTS=@OLD_CHARACTER_SET_RESULTS */;
/*!40101 SET COLLATION_CONNECTION=@OLD_COLLATION_CONNECTION */;
/*!40111 SET SQL_NOTES=@OLD_SQL_NOTES */;

-- Dump completed on 2026-05-18  9:40:47


